episode,wall_clock_sec,episode_return,exploration_ratio,mean_abs_q_change,mean_abs_td_error,steps
0,0.10403060913085938,8.0,0.125,0.09368254498875,0.9368254498875,8
1,0.10403060913085938,9.0,0.1111111111111111,0.09180188873119421,0.9180188873119425,9
2,0.10403060913085938,9.0,0.0,0.08321304574316278,0.8321304574316277,9
3,0.10455894470214844,9.0,0.1111111111111111,0.08285421823858427,0.8285421823858423,9
4,0.10455894470214844,9.0,0.1111111111111111,0.10313241755685428,1.0313241755685425,9
5,0.10455894470214844,9.0,0.0,0.10452935553678916,1.0452935553678913,9
6,0.10455894470214844,9.0,0.0,0.1237991508706679,1.2379915087066793,9
7,0.10455894470214844,10.0,0.1,0.13630193531977358,1.3630193531977357,10
8,0.10455894470214844,10.0,0.2,0.10830475443506508,1.0830475443506509,10
9,0.10455894470214844,10.0,0.2,0.10647353029360798,1.06473530293608,10
10,0.10455894470214844,11.0,0.18181818181818182,0.12104253405957105,1.2104253405957108,11
11,0.10455894470214844,12.0,0.08333333333333333,0.1472286696104603,1.4722866961046035,12
12,0.10455894470214844,9.0,0.0,0.1321701439328202,1.3217014393282023,9
13,0.10455894470214844,12.0,0.16666666666666666,0.14132775923709082,1.4132775923709084,12
14,0.10455894470214844,9.0,0.1111111111111111,0.13387665650982358,1.3387665650982354,9
15,0.10455894470214844,9.0,0.1111111111111111,0.11703449979719033,1.1703449979719027,9
16,0.10455894470214844,12.0,0.0,0.13435386144338599,1.34353861443386,12
17,0.10455894470214844,10.0,0.0,0.13384830244205886,1.3384830244205879,10
18,0.1050882339477539,10.0,0.1,0.13447326557783154,1.344732655778316,10
19,0.1050882339477539,10.0,0.1,0.12791470773186261,1.279147077318626,10
20,0.1050882339477539,8.0,0.0,0.14961167155152014,1.4961167155152015,8
21,0.1050882339477539,10.0,0.1,0.16130657117871586,1.6130657117871592,10
22,0.1050882339477539,12.0,0.08333333333333333,0.17756727096458289,1.7756727096458291,12
23,0.1050882339477539,10.0,0.3,0.12631392893680027,1.2631392893680031,10
24,0.1050882339477539,9.0,0.0,0.14477432350599223,1.4477432350599215,9
25,0.1050882339477539,8.0,0.125,0.14832096135406272,1.483209613540627,8
26,0.1050882339477539,9.0,0.2222222222222222,0.1429452028100737,1.4294520281007375,9
27,0.1050882339477539,10.0,0.1,0.13569060480537157,1.356906048053716,10
28,0.1050882339477539,9.0,0.0,0.14285471078491666,1.4285471078491676,9
29,0.1050882339477539,10.0,0.1,0.17627347360882156,1.7627347360882173,10
30,0.1050882339477539,9.0,0.0,0.11429863822702406,1.1429863822702404,9
31,0.1050882339477539,9.0,0.2222222222222222,0.11835384822519263,1.1835384822519268,9
32,0.1050882339477539,8.0,0.0,0.12421690575086064,1.2421690575086073,8
33,0.1050882339477539,13.0,0.07692307692307693,0.21652982105074559,2.1652982105074567,13
34,0.1050882339477539,9.0,0.2222222222222222,0.1480285543766285,1.4802855437662854,9
35,0.1050882339477539,10.0,0.1,0.20784585959461274,2.0784585959461266,10
36,0.1050882339477539,11.0,0.0,0.12803721607418647,1.2803721607418639,11
37,0.1050882339477539,9.0,0.0,0.11913425833661556,1.1913425833661557,9
38,0.1050882339477539,8.0,0.125,0.12350279947520404,1.2350279947520395,8
39,0.1050882339477539,10.0,0.1,0.13412930036280404,1.3412930036280395,10
40,0.1056220531463623,12.0,0.0,0.16717970673709248,1.6717970673709253,12
41,0.1056220531463623,11.0,0.0,0.16445585569688806,1.644558556968881,11
42,0.1056220531463623,10.0,0.0,0.1768908666804717,1.7689086668047167,10
43,0.1056220531463623,9.0,0.1111111111111111,0.16257615871082529,1.6257615871082522,9
44,0.1056220531463623,9.0,0.0,0.1332836252113753,1.3328362521137522,9
45,0.1056220531463623,15.0,0.2,0.17692780985115938,1.7692780985115932,15
46,0.1056220531463623,9.0,0.0,0.12411242958034702,1.2411242958034698,9
47,0.1056220531463623,10.0,0.1,0.12222080930075227,1.2222080930075216,10
48,0.1056220531463623,14.0,0.07142857142857142,0.16236582236535102,1.623658223653509,14
49,0.1056220531463623,11.0,0.09090909090909091,0.154192472243228,1.5419247224322796,11
50,0.1056220531463623,10.0,0.3,0.11914285170847108,1.1914285170847112,10
51,0.1056220531463623,11.0,0.18181818181818182,0.15097600238317127,1.5097600238317122,11
52,0.1056220531463623,9.0,0.2222222222222222,0.1451371191620716,1.451371191620716,9
53,0.1056220531463623,9.0,0.1111111111111111,0.12613305112474427,1.261330511247442,9
54,0.1056220531463623,9.0,0.0,0.127853938006267,1.2785393800626688,9
55,0.1056220531463623,10.0,0.4,0.13001418069211837,1.300141806921184,10
56,0.1056220531463623,10.0,0.3,0.16909310808322836,1.690931080832284,10
57,0.1056220531463623,9.0,0.1111111111111111,0.12571399065646466,1.2571399065646458,9
58,0.1056220531463623,10.0,0.1,0.13856880714739533,1.3856880714739546,10
59,0.10614299774169922,11.0,0.09090909090909091,0.1408553074661963,1.4085530746619634,11
60,0.10614299774169922,10.0,0.0,0.12325984511203573,1.2325984511203576,10
61,0.10614299774169922,11.0,0.09090909090909091,0.12427158731236428,1.2427158731236414,11
62,0.10614299774169922,9.0,0.0,0.1426700043887731,1.4267000438877315,9
63,0.10614299774169922,9.0,0.2222222222222222,0.14418922038651275,1.441892203865129,9
64,0.10614299774169922,10.0,0.2,0.12537067118520975,1.2537067118520973,10
65,0.10614299774169922,10.0,0.1,0.11465927816753436,1.1465927816753436,10
66,0.10614299774169922,8.0,0.125,0.14539554264667337,1.4539554264667327,8
67,0.10614299774169922,10.0,0.2,0.11566880817563305,1.1566880817563305,10
68,0.10614299774169922,9.0,0.1111111111111111,0.13645880199821103,1.3645880199821108,9
69,0.10614299774169922,11.0,0.2727272727272727,0.1310336417634568,1.3103364176345684,11
70,0.10614299774169922,11.0,0.2727272727272727,0.1528815477339056,1.5288154773390568,11
71,0.10614299774169922,10.0,0.0,0.13107133480694327,1.310713348069432,10
72,0.10614299774169922,10.0,0.1,0.13137730156795452,1.3137730156795446,10
73,0.10614299774169922,11.0,0.0,0.1787151091557134,1.7871510915571343,11
74,0.10614299774169922,10.0,0.1,0.13720162054988866,1.3720162054988851,10
75,0.10614299774169922,10.0,0.0,0.11769142982712996,1.1769142982713003,10
76,0.10614299774169922,10.0,0.1,0.1184545174265053,1.1845451742650532,10
77,0.10614299774169922,9.0,0.1111111111111111,0.1311343978652403,1.3113439786524035,9
78,0.10614299774169922,9.0,0.1111111111111111,0.12727226608119294,1.2727226608119295,9
79,0.10614299774169922,10.0,0.1,0.1202060557448493,1.2020605574484937,10
80,0.10614299774169922,11.0,0.09090909090909091,0.10406466299298063,1.0406466299298065,11
81,0.10666990280151367,9.0,0.3333333333333333,0.13190769544801043,1.3190769544801044,9
82,0.10666990280151367,9.0,0.2222222222222222,0.1289932767797785,1.2899327677977839,9
83,0.10666990280151367,9.0,0.0,0.13155701547784426,1.3155701547784429,9
84,0.10666990280151367,9.0,0.0,0.1395231178478093,1.3952311784780926,9
85,0.10666990280151367,12.0,0.08333333333333333,0.16872167831295312,1.687216783129532,12
86,0.10666990280151367,13.0,0.07692307692307693,0.19848218547434693,1.98482185474347,13
87,0.10666990280151367,10.0,0.1,0.12463189906004168,1.2463189906004157,10
88,0.10666990280151367,8.0,0.0,0.1325756216882677,1.3257562168826775,8
89,0.10666990280151367,12.0,0.08333333333333333,0.16814164100931628,1.6814164100931617,12
90,0.10666990280151367,10.0,0.1,0.1292572284220527,1.292572284220528,10
91,0.10666990280151367,10.0,0.2,0.1504897469169085,1.504897469169085,10
92,0.10666990280151367,10.0,0.1,0.14060800194219322,1.4060800194219334,10
93,0.10666990280151367,9.0,0.0,0.10449012364158225,1.0449012364158228,9
94,0.10666990280151367,9.0,0.0,0.1302233171907822,1.3022331719078228,9
95,0.10666990280151367,10.0,0.0,0.1384328125940774,1.3843281259407736,10
96,0.10666990280151367,12.0,0.08333333333333333,0.1711656076346444,1.711656076346445,12
97,0.10666990280151367,11.0,0.18181818181818182,0.1393311726003471,1.3933117260034715,11
98,0.10666990280151367,8.0,0.0,0.1304289203033635,1.3042892030336348,8
99,0.10666990280151367,10.0,0.1,0.132744539631697,1.327445396316972,10
100,0.10666990280151367,9.0,0.3333333333333333,0.13126366042471535,1.3126366042471538,9
101,0.10666990280151367,8.0,0.0,0.13066196460870205,1.3066196460870205,8
102,0.10666990280151367,8.0,0.0,0.13123625809587974,1.312362580958795,8
103,0.1072232723236084,9.0,0.1111111111111111,0.1325965181858315,1.3259651818583162,9
104,0.1072232723236084,10.0,0.0,0.12883540286973588,1.2883540286973592,10
105,0.1072232723236084,11.0,0.0,0.1336181730459602,1.3361817304596018,11
106,0.1072232723236084,10.0,0.0,0.13295431581961664,1.3295431581961665,10
107,0.1072232723236084,11.0,0.0,0.12236689016122054,1.2236689016122053,11
108,0.1072232723236084,9.0,0.0,0.12612526923860687,1.261252692386068,9
109,0.1072232723236084,11.0,0.18181818181818182,0.12336936870064658,1.2336936870064645,11
110,0.1072232723236084,9.0,0.1111111111111111,0.12905943169985173,1.2905943169985172,9
111,0.1072232723236084,10.0,0.1,0.1295207418756638,1.2952074187566385,10
112,0.1072232723236084,10.0,0.1,0.1209476605408077,1.2094766054080783,10
113,0.1072232723236084,9.0,0.1111111111111111,0.1439160079703742,1.4391600797037427,9
114,0.1072232723236084,10.0,0.1,0.13447115241365593,1.3447115241365593,10
115,0.1072232723236084,10.0,0.3,0.12215289102233902,1.2215289102233906,10
116,0.1072232723236084,10.0,0.0,0.12723891454180336,1.272389145418033,10
117,0.1072232723236084,10.0,0.1,0.13118157269294767,1.3118157269294755,10
118,0.1072232723236084,33.0,0.06060606060606061,0.14023896646976006,1.4023896646975997,33
119,0.1072232723236084,9.0,0.0,0.13517039254908317,1.351703925490832,9
120,0.1072232723236084,34.0,0.20588235294117646,0.10889361333945792,1.0889361333945793,34
121,0.1072232723236084,10.0,0.0,0.13002264744669695,1.300226474466968,10
122,0.1072232723236084,10.0,0.2,0.13552058363966396,1.3552058363966395,10
123,0.1072232723236084,10.0,0.2,0.14290419910280078,1.4290419910280086,10
124,0.1072232723236084,9.0,0.0,0.15635399332778782,1.5635399332778792,9
125,0.1072232723236084,11.0,0.18181818181818182,0.14231747447502735,1.4231747447502732,11
126,0.10777950286865234,10.0,0.1,0.12974177790103733,1.2974177790103727,10
127,0.10777950286865234,12.0,0.08333333333333333,0.1608140719057025,1.608140719057025,12
128,0.10777950286865234,9.0,0.0,0.13499236806507575,1.3499236806507575,9
129,0.10777950286865234,10.0,0.0,0.14176084919304963,1.4176084919304963,10
130,0.10777950286865234,10.0,0.0,0.13402787135316077,1.3402787135316068,10
131,0.10777950286865234,10.0,0.1,0.13276076982499913,1.3276076982499903,10
132,0.10777950286865234,9.0,0.1111111111111111,0.13637387538794135,1.3637387538794126,9
133,0.10777950286865234,9.0,0.0,0.13674547299032142,1.3674547299032145,9
134,0.10777950286865234,9.0,0.2222222222222222,0.13895269036683067,1.3895269036683064,9
135,0.10777950286865234,8.0,0.25,0.1450463091886835,1.4504630918868342,8
136,0.10777950286865234,9.0,0.0,0.13883485883268445,1.3883485883268456,9
137,0.10777950286865234,9.0,0.0,0.14051246984220434,1.4051246984220436,9
138,0.10777950286865234,10.0,0.0,0.13348388177084872,1.334838817708488,10
139,0.10777950286865234,10.0,0.1,0.1358871935388725,1.3588719353887246,10
140,0.10777950286865234,9.0,0.1111111111111111,0.13632016425706675,1.3632016425706672,9
141,0.10777950286865234,10.0,0.1,0.1354137467254152,1.3541374672541528,10
142,0.10777950286865234,10.0,0.2,0.1467876855021145,1.467876855021145,10
143,0.10777950286865234,11.0,0.18181818181818182,0.13323025049051918,1.3323025049051924,11
144,0.10777950286865234,9.0,0.0,0.1413951853315813,1.4139518533158126,9
145,0.10777950286865234,8.0,0.25,0.14071994859633824,1.4071994859633827,8
146,0.10777950286865234,10.0,0.5,0.1359980153077076,1.359980153077077,10
147,0.10777950286865234,10.0,0.0,0.1445443541955717,1.4454435419557174,10
148,0.10833168029785156,10.0,0.0,0.14247916128293955,1.4247916128293943,10
149,0.10833168029785156,8.0,0.125,0.1271341006050959,1.2713410060509587,8
150,0.10833168029785156,10.0,0.2,0.1395713538494543,1.3957135384945436,10
151,0.10833168029785156,14.0,0.21428571428571427,0.15018896621778982,1.501889662177898,14
152,0.10833168029785156,10.0,0.0,0.1377425007840536,1.377425007840536,10
153,0.10833168029785156,11.0,0.0,0.13071668182145532,1.3071668182145515,11
154,0.10833168029785156,9.0,0.0,0.11337555582957541,1.1337555582957533,9
155,0.10833168029785156,10.0,0.0,0.13582856101442292,1.3582856101442273,10
156,0.10833168029785156,10.0,0.1,0.12753724428643515,1.2753724428643516,10
157,0.10833168029785156,12.0,0.16666666666666666,0.16404074849345826,1.6404074849345822,12
158,0.10833168029785156,10.0,0.1,0.13792862700869044,1.3792862700869066,10
159,0.10833168029785156,10.0,0.1,0.1372976045299909,1.3729760452999114,10
160,0.10833168029785156,9.0,0.0,0.14224395654674682,1.4224395654674675,9
161,0.10833168029785156,9.0,0.1111111111111111,0.12871848475761472,1.2871848475761467,9
162,0.10833168029785156,11.0,0.09090909090909091,0.12983231813616464,1.2983231813616458,11
163,0.10833168029785156,10.0,0.2,0.12866439123013626,1.2866439123013629,10
164,0.10833168029785156,10.0,0.0,0.13376984707709996,1.337698470770999,10
165,0.10833168029785156,10.0,0.1,0.12984290260802803,1.2984290260802802,10
166,0.10833168029785156,9.0,0.1111111111111111,0.13185567003211304,1.3185567003211287,9
167,0.10833168029785156,12.0,0.08333333333333333,0.14545171418704173,1.4545171418704166,12
168,0.10833168029785156,9.0,0.1111111111111111,0.14402481135260203,1.4402481135260203,9
169,0.10833168029785156,11.0,0.09090909090909091,0.12520114625014814,1.2520114625014829,11
170,0.10833168029785156,12.0,0.16666666666666666,0.1394817330697563,1.394817330697563,12
171,0.10887980461120605,16.0,0.0,0.19094357609246546,1.909435760924655,16
172,0.10887980461120605,130.0,0.09230769230769231,0.17048341182805235,1.7048341182805238,130
173,0.10887980461120605,72.0,0.08333333333333333,0.12968429036426476,1.2968429036426485,72
174,0.10887980461120605,179.0,0.1005586592178771,0.15881736526207194,1.5881736526207186,179
175,0.10887980461120605,118.0,0.1016949152542373,0.16125302836919295,1.6125302836919297,118
176,0.10887980461120605,151.0,0.11920529801324503,0.12136153973111855,1.213615397311185,151
177,0.10887980461120605,152.0,0.046052631578947366,0.16284282714261858,1.6284282714261862,152
178,0.10887980461120605,132.0,0.12121212121212122,0.1459859752301627,1.4598597523016261,132
179,0.10887980461120605,207.0,0.07729468599033816,0.17017921776385336,1.701792177638532,207
180,0.10887980461120605,134.0,0.05970149253731343,0.14903688390325165,1.4903688390325167,134
181,0.10887980461120605,173.0,0.10404624277456648,0.12076005102980045,1.2076005102980036,173
182,0.10887980461120605,133.0,0.08270676691729323,0.17273907179195902,1.72739071791959,133
183,0.10887980461120605,193.0,0.07772020725388601,0.1531846493618923,1.5318464936189229,193
184,0.10887980461120605,188.0,0.1276595744680851,0.13509949773281374,1.3509949773281353,188
185,0.10887980461120605,117.0,0.08547008547008547,0.19974763976289328,1.9974763976289336,117
186,0.10887980461120605,125.0,0.112,0.26453256407216774,2.6453256407216803,125
187,0.10887980461120605,114.0,0.09649122807017543,0.21707180033597598,2.170718003359758,114
188,0.10887980461120605,109.0,0.11009174311926606,0.200807330670274,2.0080733067027396,109
189,0.10887980461120605,149.0,0.11409395973154363,0.17367707325556056,1.736770732555606,149
190,0.10887980461120605,10.0,0.0,0.5032721487464157,5.032721487464156,10
191,0.10887980461120605,94.0,0.1276595744680851,0.14661199277820092,1.466119927782008,94
192,0.10887980461120605,10.0,0.0,0.36797887517019917,3.6797887517019974,10
193,0.10939955711364746,183.0,0.11475409836065574,0.15941196522404955,1.5941196522404943,183
194,0.10939955711364746,158.0,0.056962025316455694,0.15655206939449204,1.565520693944922,158
195,0.10939955711364746,190.0,0.06842105263157895,0.1411987078865946,1.4119870788659434,190
196,0.10939955711364746,106.0,0.11320754716981132,0.2369303365207036,2.3693033652070357,106
197,0.10939955711364746,88.0,0.06818181818181818,0.25066645201425863,2.506664520142584,88
198,0.10939955711364746,115.0,0.06956521739130435,0.17110698728735788,1.7110698728735791,115
199,0.10939955711364746,54.0,0.05555555555555555,0.3042585873285386,3.042585873285386,54
200,0.10939955711364746,123.0,0.11382113821138211,0.10913114697284246,1.0913114697284263,123
201,0.10939955711364746,138.0,0.14492753623188406,0.11062830600503412,1.1062830600503395,138
202,0.10939955711364746,144.0,0.125,0.12593805627832214,1.259380562783223,144
203,0.10939955711364746,138.0,0.07971014492753623,0.15496856361768652,1.5496856361768663,138
204,0.10939955711364746,85.0,0.11764705882352941,0.25335666651601185,2.533566665160118,85
205,0.10939955711364746,137.0,0.0948905109489051,0.21627156837794542,2.162715683779455,137
206,0.10939955711364746,148.0,0.0945945945945946,0.21199300517320682,2.119930051732068,148
207,0.10939955711364746,10.0,0.2,0.41360416054411786,4.136041605441184,10
208,0.10939955711364746,174.0,0.13218390804597702,0.1278149747528106,1.2781497475281065,174
209,0.10939955711364746,71.0,0.1267605633802817,0.2881323758127582,2.881323758127581,71
210,0.10991835594177246,13.0,0.0,0.3741226183087542,3.7412261830875546,13
211,0.10991835594177246,46.0,0.10869565217391304,0.2615998720754515,2.6159987207545123,46
212,0.10991835594177246,11.0,0.09090909090909091,0.3818891442182965,3.8188914421829607,11
213,0.10991835594177246,10.0,0.5,0.5516243586648162,5.516243586648156,10
214,0.10991835594177246,34.0,0.029411764705882353,0.39729383086643477,3.9729383086643497,34
215,0.10991835594177246,66.0,0.09090909090909091,0.13767449173079518,1.376744917307953,66
216,0.10991835594177246,203.0,0.07881773399014778,0.12713695937934166,1.2713695937934149,203
217,0.10991835594177246,133.0,0.09774436090225563,0.13424147495602284,1.342414749560226,133
218,0.10991835594177246,89.0,0.14606741573033707,0.23123058988044587,2.312305898804459,89
219,0.10991835594177246,104.0,0.057692307692307696,0.15399841771573464,1.5399841771573455,104
220,0.10991835594177246,128.0,0.1171875,0.1648638148088243,1.6486381480882402,128
221,0.10991835594177246,165.0,0.07878787878787878,0.14199233333396952,1.4199233333396968,165
222,0.10991835594177246,42.0,0.16666666666666666,0.3681594769114067,3.681594769114067,42
223,0.10991835594177246,82.0,0.04878048780487805,0.24809618867402583,2.480961886740262,82
224,0.10991835594177246,117.0,0.08547008547008547,0.17359275424329884,1.7359275424329872,117
225,0.10991835594177246,134.0,0.05223880597014925,0.13520335829427516,1.3520335829427497,134
226,0.10991835594177246,135.0,0.0962962962962963,0.1322821843532058,1.3228218435320598,135
227,0.10991835594177246,178.0,0.10674157303370786,0.12291926553074925,1.229192655307493,178
228,0.10991835594177246,154.0,0.09740259740259741,0.12389760571269119,1.238976057126914,154
229,0.10991835594177246,93.0,0.07526881720430108,0.15611516305906042,1.5611516305906037,93
230,0.10991835594177246,95.0,0.08421052631578947,0.14696092324626706,1.469609232462672,95
231,0.11043906211853027,10.0,0.0,0.5126360007345905,5.126360007345904,10
232,0.11043906211853027,195.0,0.1076923076923077,0.12501746982051928,1.2501746982051936,195
233,0.11043906211853027,159.0,0.08176100628930817,0.13576548542287756,1.3576548542287765,159
234,0.11043906211853027,22.0,0.09090909090909091,0.3505902297015338,3.5059022970153393,22
235,0.11043906211853027,28.0,0.07142857142857142,0.4968296340352017,4.968296340352019,28
236,0.11043906211853027,30.0,0.26666666666666666,0.4170507791861224,4.170507791861225,30
237,0.11043906211853027,9.0,0.1111111111111111,0.48928858976976625,4.892885897697647,9
238,0.11043906211853027,65.0,0.09230769230769231,0.12485236607132065,1.2485236607132078,65
239,0.11043906211853027,208.0,0.07211538461538461,0.1216311154850566,1.216311154850568,208
240,0.11043906211853027,68.0,0.14705882352941177,0.17952247086948173,1.7952247086948145,68
241,0.11043906211853027,104.0,0.11538461538461539,0.2839811338978743,2.8398113389787416,104
242,0.11043906211853027,75.0,0.06666666666666667,0.1973594682378508,1.9735946823785078,75
243,0.11043906211853027,125.0,0.08,0.15847632208994542,1.5847632208994544,125
244,0.11043906211853027,114.0,0.06140350877192982,0.1471123045774889,1.4711230457748887,114
245,0.11043906211853027,108.0,0.10185185185185185,0.20957011773093448,2.0957011773093446,108
246,0.11043906211853027,84.0,0.09523809523809523,0.4642653739909196,4.642653739909195,84
247,0.11043906211853027,10.0,0.3,0.4258664672296117,4.258664672296113,10
248,0.11043906211853027,106.0,0.10377358490566038,0.20347832477303696,2.0347832477303696,106
249,0.11043906211853027,163.0,0.10429447852760736,0.10211073628358182,1.0211073628358192,163
250,0.11043906211853027,69.0,0.10144927536231885,0.5260664423252458,5.260664423252462,69
251,0.11043906211853027,126.0,0.1111111111111111,0.16417796824825956,1.6417796824825936,126
252,0.11043906211853027,43.0,0.06976744186046512,0.5113557459391385,5.113557459391381,43
253,0.11095905303955078,20.0,0.0,0.2902621720338077,2.9026217203380744,20
254,0.11095905303955078,150.0,0.1,0.15093001408128695,1.5093001408128692,150
255,0.11095905303955078,8.0,0.0,0.5906200585448227,5.906200585448233,8
256,0.11095905303955078,10.0,0.1,0.4213032695663845,4.213032695663849,10
257,0.11095905303955078,134.0,0.06716417910447761,0.12816596768811447,1.2816596768811466,134
258,0.11095905303955078,178.0,0.10112359550561797,0.14911454018275394,1.4911454018275379,178
259,0.11095905303955078,148.0,0.13513513513513514,0.2056642994461142,2.056642994461143,148
260,0.11095905303955078,12.0,0.08333333333333333,0.38811152785543285,3.8811152785543315,12
261,0.11095905303955078,127.0,0.07086614173228346,0.16622196030124514,1.6622196030124545,127
262,0.11095905303955078,40.0,0.05,0.48083811666410836,4.808381166641089,40
263,0.11095905303955078,118.0,0.05084745762711865,0.1860728637368934,1.8607286373689365,118
264,0.11095905303955078,9.0,0.2222222222222222,0.4786676977762679,4.786676977762689,9
265,0.11095905303955078,11.0,0.09090909090909091,0.5452921811147152,5.452921811147144,11
266,0.11095905303955078,141.0,0.1347517730496454,0.10870297298309944,1.087029729830997,141
267,0.11095905303955078,164.0,0.07926829268292683,0.1486814903074539,1.4868149030745361,164
268,0.11095905303955078,9.0,0.0,0.5322213630509162,5.322213630509162,9
269,0.11095905303955078,129.0,0.07751937984496124,0.1575194037188872,1.5751940371888717,129
270,0.11095905303955078,44.0,0.11363636363636363,0.4156474600801806,4.156474600801811,44
271,0.11095905303955078,10.0,0.0,0.46140192791260615,4.6140192791260715,10
272,0.11095905303955078,10.0,0.2,0.4510630195409739,4.510630195409749,10
273,0.11095905303955078,39.0,0.1282051282051282,0.28564222366808084,2.8564222366808054,39
274,0.11095905303955078,201.0,0.11940298507462686,0.10952655257689586,1.0952655257689572,201
275,0.11095905303955078,202.0,0.14356435643564355,0.120865611906477,1.2086561190647707,202
276,0.11095905303955078,175.0,0.12,0.13133324529266058,1.3133324529266053,175
277,0.1115267276763916,44.0,0.022727272727272728,0.44824269434386016,4.482426943438603,44
278,0.1115267276763916,124.0,0.08064516129032258,0.19280484439351342,1.928048443935133,124
279,0.1115267276763916,39.0,0.07692307692307693,0.36814891167262637,3.6814891167262647,39
280,0.1115267276763916,11.0,0.09090909090909091,0.42317572145446714,4.231757214544667,11
281,0.1115267276763916,42.0,0.047619047619047616,0.4247265952892114,4.247265952892118,42
282,0.1115267276763916,9.0,0.1111111111111111,0.4592207273399439,4.592207273399442,9
283,0.1115267276763916,46.0,0.021739130434782608,0.3343760744849857,3.343760744849859,46
284,0.1115267276763916,10.0,0.0,0.4161898256255704,4.161898256255704,10
285,0.1115267276763916,43.0,0.0,0.48992559172900824,4.899255917290083,43
286,0.1115267276763916,14.0,0.07142857142857142,0.4559434884353736,4.559434884353738,14
287,0.1115267276763916,24.0,0.041666666666666664,0.3033742964484265,3.0337429644842686,24
288,0.1115267276763916,12.0,0.08333333333333333,0.4274791253585744,4.274791253585739,12
289,0.1115267276763916,18.0,0.1111111111111111,0.39462961513988165,3.946296151398817,18
290,0.1115267276763916,30.0,0.03333333333333333,0.3436723821823534,3.4367238218235285,30
291,0.1115267276763916,32.0,0.0625,0.3923793462566411,3.92379346256641,32
292,0.1115267276763916,11.0,0.09090909090909091,0.35513065375960035,3.551306537596,11
293,0.1115267276763916,11.0,0.18181818181818182,0.4245008624787513,4.245008624787514,11
294,0.1115267276763916,10.0,0.3,0.3968712923065342,3.968712923065339,10
295,0.1115267276763916,60.0,0.1,0.3793221079208127,3.7932210792081276,60
296,0.11206531524658203,131.0,0.09923664122137404,0.3258377931212066,3.258377931212068,131
297,0.11206531524658203,144.0,0.1111111111111111,0.12263122930271472,1.2263122930271462,144
298,0.11206531524658203,124.0,0.056451612903225805,0.2038981307663384,2.038981307663387,124
299,0.11206531524658203,67.0,0.13432835820895522,0.18617344284168963,1.8617344284168995,67
300,0.11206531524658203,30.0,0.06666666666666667,0.334864236591581,3.3486423659158078,30
301,0.11206531524658203,49.0,0.14285714285714285,0.35276679515385495,3.5276679515385503,49
302,0.11206531524658203,144.0,0.06944444444444445,0.2286140693371521,2.2861406933715207,144
303,0.11206531524658203,46.0,0.1956521739130435,0.21106277735513373,2.1106277735513395,46
304,0.11206531524658203,47.0,0.10638297872340426,0.2701789158504766,2.7017891585047655,47
305,0.11206531524658203,29.0,0.06896551724137931,0.2660886749863442,2.6608867498634456,29
306,0.11206531524658203,34.0,0.0,0.37058382838814696,3.705838283881469,34
307,0.11206531524658203,55.0,0.05454545454545454,0.2559928357240977,2.559928357240974,55
308,0.11206531524658203,37.0,0.1891891891891892,0.28689937041646935,2.868993704164696,37
309,0.11206531524658203,44.0,0.18181818181818182,0.24836793442771166,2.4836793442771157,44
310,0.11206531524658203,9.0,0.1111111111111111,0.48877368884251815,4.8877368884251755,9
311,0.11206531524658203,39.0,0.05128205128205128,0.26667509031353875,2.6667509031353873,39
312,0.11206531524658203,18.0,0.1111111111111111,0.30284731843747953,3.0284731843747994,18
313,0.11206531524658203,36.0,0.05555555555555555,0.2805935667778028,2.8059356677780265,36
314,0.11206531524658203,9.0,0.1111111111111111,0.38829709996654516,3.882970999665452,9
315,0.11206531524658203,48.0,0.0,0.2203113238353467,2.2031132383534655,48
316,0.11206531524658203,10.0,0.3,0.37354059379746507,3.7354059379746545,10
317,0.11206531524658203,32.0,0.0625,0.25614269575995635,2.5614269575995596,32
318,0.11206531524658203,8.0,0.0,0.39872829474508054,3.987282947450808,8
319,0.11206531524658203,51.0,0.09803921568627451,0.3658299575055371,3.6582995750553726,51
320,0.11206531524658203,12.0,0.0,0.3509176992974772,3.5091769929747705,12
321,0.11206531524658203,38.0,0.07894736842105263,0.2936574459387147,2.936574459387147,38
322,0.11206531524658203,25.0,0.16,0.2483764657709049,2.483764657709046,25
323,0.11206531524658203,9.0,0.1111111111111111,0.329456249099422,3.294562490994225,9
324,0.11206531524658203,25.0,0.04,0.23319594887087036,2.3319594887087014,25
325,0.11273932456970215,209.0,0.0861244019138756,0.10020622113463258,1.0020622113463273,209
326,0.11273932456970215,207.0,0.06280193236714976,0.14167737067203562,1.416773706720356,207
327,0.11273932456970215,166.0,0.09036144578313253,0.16296986493812524,1.629698649381252,166
328,0.11273932456970215,154.0,0.08441558441558442,0.1379336220094174,1.379336220094173,154
329,0.11273932456970215,135.0,0.11851851851851852,0.15715666686032462,1.5715666686032481,135
330,0.11273932456970215,186.0,0.08064516129032258,0.15153746686999037,1.5153746686999032,186
331,0.11273932456970215,10.0,0.0,0.41251160698113554,4.12511606981136,10
332,0.11273932456970215,62.0,0.0967741935483871,0.2806343206517995,2.806343206518,62
333,0.11273932456970215,122.0,0.10655737704918032,0.13521094297911776,1.3521094297911782,122
334,0.11273932456970215,43.0,0.09302325581395349,0.3087008542729969,3.087008542729967,43
335,0.11273932456970215,27.0,0.2222222222222222,0.35875937808101177,3.587593780810119,27
336,0.11273932456970215,28.0,0.07142857142857142,0.4219779190775675,4.219779190775677,28
337,0.11273932456970215,22.0,0.09090909090909091,0.4167653699023424,4.167653699023427,22
338,0.11273932456970215,78.0,0.07692307692307693,0.2684441361533138,2.684441361533141,78
339,0.11273932456970215,152.0,0.1118421052631579,0.14344948105684568,1.4344948105684565,152
340,0.11273932456970215,44.0,0.09090909090909091,0.322924351417609,3.229243514176088,44
341,0.11273932456970215,37.0,0.05405405405405406,0.4011009558234549,4.011009558234552,37
342,0.11273932456970215,127.0,0.07874015748031496,0.1305583222537026,1.3055832225370247,127
343,0.11273932456970215,39.0,0.05128205128205128,0.22858680179101526,2.285868017910154,39
344,0.11273932456970215,45.0,0.022222222222222223,0.2748053983887824,2.7480539838878237,45
345,0.11273932456970215,52.0,0.17307692307692307,0.23049532545604276,2.3049532545604317,52
346,0.11325788497924805,60.0,0.1,0.3033026802867664,3.033026802867659,60
347,0.11325788497924805,60.0,0.1,0.23994623337941245,2.3994623337941237,60
348,0.11325788497924805,34.0,0.14705882352941177,0.22714558530939233,2.271455853093922,34
349,0.11325788497924805,68.0,0.029411764705882353,0.2987765020159337,2.9877650201593404,68
350,0.11325788497924805,10.0,0.1,0.38425000659192426,3.8425000659192365,10
351,0.11325788497924805,47.0,0.0851063829787234,0.30387278913654203,3.0387278913654208,47
352,0.11325788497924805,38.0,0.13157894736842105,0.2729252021703869,2.729252021703869,38
353,0.11325788497924805,71.0,0.23943661971830985,0.27277334074925036,2.7277334074925057,71
354,0.11325788497924805,54.0,0.1111111111111111,0.21673582302780028,2.167358230278003,54
355,0.11325788497924805,10.0,0.0,0.37032218694108465,3.703221869410845,10
356,0.11325788497924805,38.0,0.13157894736842105,0.3038398049226493,3.0383980492264953,38
357,0.11325788497924805,53.0,0.09433962264150944,0.2608645022182828,2.6086450221828272,53
358,0.11325788497924805,13.0,0.15384615384615385,0.2998487606313552,2.998487606313555,13
359,0.11325788497924805,53.0,0.05660377358490566,0.22632543851362721,2.2632543851362783,53
360,0.11325788497924805,9.0,0.2222222222222222,0.35115411516798883,3.511541151679882,9
361,0.11325788497924805,138.0,0.13043478260869565,0.12237986926593909,1.2237986926593913,138
362,0.11325788497924805,29.0,0.10344827586206896,0.38710055516552216,3.8710055516552195,29
363,0.11325788497924805,30.0,0.13333333333333333,0.3119781146115873,3.119781146115875,30
364,0.11325788497924805,9.0,0.0,0.3495140109800702,3.4951401098007047,9
365,0.11325788497924805,155.0,0.12903225806451613,0.11671795170966277,1.1671795170966255,155
366,0.11325788497924805,10.0,0.1,0.3218433646421204,3.218433646421205,10
367,0.11377596855163574,145.0,0.06206896551724138,0.1643971038917289,1.64397103891729,145
368,0.11377596855163574,9.0,0.0,0.3411766294475189,3.411766294475189,9
369,0.11377596855163574,35.0,0.11428571428571428,0.3266177032466193,3.266177032466195,35
370,0.11377596855163574,140.0,0.15714285714285714,0.13405799503822693,1.340579950382272,140
371,0.11377596855163574,28.0,0.10714285714285714,0.2676202371228931,2.676202371228928,28
372,0.11377596855163574,30.0,0.13333333333333333,0.47931156526272994,4.7931156526272956,30
373,0.11377596855163574,166.0,0.12048192771084337,0.10288277488689988,1.0288277488689987,166
374,0.11377596855163574,155.0,0.10967741935483871,0.12837652876231828,1.283765287623186,155
375,0.11377596855163574,9.0,0.1111111111111111,0.342610670225149,3.4261067022514897,9
376,0.11377596855163574,140.0,0.15,0.15186338513752634,1.5186338513752642,140
377,0.11377596855163574,155.0,0.07741935483870968,0.12457402089977926,1.2457402089977931,155
378,0.11377596855163574,123.0,0.11382113821138211,0.20604844592812638,2.0604844592812634,123
379,0.11377596855163574,138.0,0.10144927536231885,0.1832091046748708,1.8320910467487066,138
380,0.11377596855163574,11.0,0.09090909090909091,0.5015499520597195,5.015499520597192,11
381,0.11377596855163574,10.0,0.2,0.4353427898170626,4.353427898170638,10
382,0.11377596855163574,124.0,0.0967741935483871,0.23943821205116916,2.3943821205116915,124
383,0.11377596855163574,123.0,0.07317073170731707,0.1490663487447362,1.4906634874473628,123
384,0.11377596855163574,11.0,0.2727272727272727,0.44259723119116595,4.425972311911665,11
385,0.11377596855163574,10.0,0.1,0.4332020700573139,4.332020700573142,10
386,0.11377596855163574,126.0,0.07936507936507936,0.14509054598425092,1.450905459842509,126
387,0.11377596855163574,61.0,0.11475409836065574,0.2523787202953903,2.523787202953906,61
388,0.11377596855163574,39.0,0.10256410256410256,0.29169104025385784,2.916910402538576,39
389,0.11377596855163574,64.0,0.09375,0.2513932764480064,2.5139327644800638,64
390,0.11377596855163574,140.0,0.10714285714285714,0.12545055374635433,1.2545055374635428,140
391,0.11377596855163574,129.0,0.08527131782945736,0.1245414354937048,1.2454143549370489,129
392,0.11377596855163574,114.0,0.07894736842105263,0.22120522521210206,2.2120522521210177,114
393,0.11377596855163574,31.0,0.16129032258064516,0.3184789914054573,3.184789914054576,31
394,0.11377596855163574,32.0,0.0625,0.28625431472792234,2.862543147279224,32
395,0.11377596855163574,35.0,0.05714285714285714,0.38465567715226645,3.8465567715226623,35
396,0.1143028736114502,10.0,0.0,0.5230897548396658,5.230897548396657,10
397,0.1143028736114502,58.0,0.06896551724137931,0.21206616516379526,2.120661651637952,58
398,0.1143028736114502,10.0,0.0,0.42986413816521035,4.2986413816520965,10
399,0.1143028736114502,27.0,0.07407407407407407,0.2977601597170884,2.9776015971708865,27
400,0.1143028736114502,134.0,0.11194029850746269,0.152137290107255,1.5213729010725472,134
401,0.1143028736114502,36.0,0.05555555555555555,0.24961024163969833,2.496102416396992,36
402,0.1143028736114502,132.0,0.07575757575757576,0.14230855843058063,1.423085584305808,132
403,0.1143028736114502,9.0,0.2222222222222222,0.4423013427377723,4.423013427377725,9
404,0.1143028736114502,11.0,0.18181818181818182,0.45369070903726244,4.5369070903726225,11
405,0.1143028736114502,12.0,0.08333333333333333,0.47007993515473867,4.700799351547386,12
406,0.1143028736114502,11.0,0.0,0.4436526634532085,4.436526634532087,11
407,0.1143028736114502,32.0,0.1875,0.2917735942600276,2.9177359426002765,32
408,0.1143028736114502,69.0,0.11594202898550725,0.3584547942106711,3.5845479421067075,69
409,0.1143028736114502,73.0,0.1232876712328767,0.27930049447688476,2.7930049447688456,73
410,0.1143028736114502,114.0,0.08771929824561403,0.22473362553860335,2.2473362553860343,114
411,0.1143028736114502,60.0,0.16666666666666666,0.2303098456462963,2.3030984564629637,60
412,0.1143028736114502,38.0,0.13157894736842105,0.307589189818435,3.0758918981843535,38
413,0.1143028736114502,37.0,0.08108108108108109,0.2540286255023309,2.5402862550233127,37
414,0.1143028736114502,23.0,0.13043478260869565,0.2827487825284189,2.827487825284186,23
415,0.1143028736114502,41.0,0.12195121951219512,0.25142070366500474,2.514207036650045,41
416,0.1143028736114502,11.0,0.09090909090909091,0.43752056709157117,4.3752056709157054,11
417,0.1143028736114502,38.0,0.13157894736842105,0.24597884534122053,2.459788453412205,38
418,0.1143028736114502,24.0,0.125,0.3754827843059368,3.754827843059361,24
419,0.1143028736114502,54.0,0.05555555555555555,0.26898920383026453,2.6898920383026454,54
420,0.1143028736114502,36.0,0.1388888888888889,0.2731233660588658,2.731233660588661,36
421,0.1143028736114502,77.0,0.1038961038961039,0.22546729909375846,2.254672990937585,77
422,0.1143028736114502,9.0,0.1111111111111111,0.5314840178057855,5.314840178057853,9
423,0.1143028736114502,10.0,0.1,0.39135718874867714,3.9135718874867704,10
424,0.1143028736114502,148.0,0.05405405405405406,0.14782549842736517,1.4782549842736536,148
425,0.1143028736114502,141.0,0.09929078014184398,0.16689222480202218,1.6689222480202208,141
426,0.1143028736114502,150.0,0.08,0.13414412621119814,1.3414412621119818,150
427,0.1143028736114502,115.0,0.10434782608695652,0.17704852032115162,1.7704852032115153,115
428,0.1143028736114502,47.0,0.0851063829787234,0.27727422233091364,2.7727422233091357,47
429,0.1143028736114502,25.0,0.04,0.29423418923589806,2.942341892358976,25
430,0.1143028736114502,150.0,0.1,0.111409392540605,1.1140939254060493,150
431,0.1143028736114502,55.0,0.12727272727272726,0.3114769102721885,3.1147691027218865,55
432,0.11482787132263184,74.0,0.10810810810810811,0.2548196852913803,2.5481968529138035,74
433,0.11482787132263184,11.0,0.09090909090909091,0.4323254874736539,4.3232548747365405,11
434,0.11482787132263184,46.0,0.06521739130434782,0.21556354848301504,2.15563548483015,46
435,0.11482787132263184,34.0,0.11764705882352941,0.26015827737752617,2.6015827737752715,34
436,0.11482787132263184,39.0,0.1282051282051282,0.2208031075905164,2.2080310759051613,39
437,0.11482787132263184,19.0,0.10526315789473684,0.2887950696908243,2.887950696908243,19
438,0.11482787132263184,25.0,0.04,0.32076274156731005,3.207627415673095,25
439,0.11482787132263184,11.0,0.2727272727272727,0.3565279609003556,3.565279609003565,11
440,0.11482787132263184,11.0,0.18181818181818182,0.4150680508979318,4.150680508979318,11
441,0.11482787132263184,10.0,0.1,0.37171617996349654,3.717161799634964,10
442,0.11482787132263184,15.0,0.13333333333333333,0.32094513286420984,3.2094513286420954,15
443,0.11482787132263184,11.0,0.0,0.40038287092727615,4.0038287092727565,11
444,0.11482787132263184,29.0,0.20689655172413793,0.227821486321518,2.278214863215185,29
445,0.11482787132263184,11.0,0.0,0.31924287301047694,3.1924287301047642,11
446,0.11482787132263184,9.0,0.0,0.3888716517587777,3.888716517587781,9
447,0.11482787132263184,10.0,0.2,0.40570084086013497,4.057008408601347,10
448,0.11482787132263184,23.0,0.043478260869565216,0.21672407938834837,2.167240793883482,23
449,0.11482787132263184,19.0,0.05263157894736842,0.28601225236416655,2.860122523641663,19
450,0.11482787132263184,38.0,0.10526315789473684,0.25848281735712186,2.584828173571219,38
451,0.11482787132263184,25.0,0.08,0.19800434490968213,1.9800434490968246,25
452,0.11482787132263184,173.0,0.10404624277456648,0.1459481019156505,1.4594810191565035,173
453,0.11482787132263184,12.0,0.0,0.369902106480356,3.6990210648035564,12
454,0.11482787132263184,34.0,0.08823529411764706,0.27015246107723456,2.701524610772344,34
455,0.11482787132263184,135.0,0.08888888888888889,0.15701644674075138,1.5701644674075157,135
456,0.11482787132263184,49.0,0.08163265306122448,0.27071944311995455,2.707194431199548,49
457,0.11482787132263184,9.0,0.0,0.3384146668871877,3.384146668871883,9
458,0.11482787132263184,59.0,0.15254237288135594,0.29982644575440043,2.998264457544004,59
459,0.11482787132263184,18.0,0.05555555555555555,0.31102684159025684,3.110268415902578,18
460,0.11482787132263184,133.0,0.10526315789473684,0.12754646343725803,1.2754646343725804,133
461,0.11482787132263184,10.0,0.1,0.47823608664224687,4.7823608664224775,10
462,0.11482787132263184,10.0,0.1,0.3954968740119689,3.954968740119692,10
463,0.11482787132263184,131.0,0.0916030534351145,0.12884080293329528,1.2884080293329516,131
464,0.11535358428955078,133.0,0.07518796992481203,0.2077575537824191,2.077575537824189,133
465,0.11535358428955078,177.0,0.062146892655367235,0.1256628835638619,1.2566288356386175,177
466,0.11535358428955078,129.0,0.08527131782945736,0.11153236047029334,1.1153236047029327,129
467,0.11535358428955078,9.0,0.3333333333333333,0.4735265563895952,4.735265563895959,9
468,0.11535358428955078,10.0,0.0,0.4557821251330491,4.557821251330485,10
469,0.11535358428955078,134.0,0.12686567164179105,0.14324179501727438,1.4324179501727454,134
470,0.11535358428955078,9.0,0.2222222222222222,0.4497259682451424,4.497259682451434,9
471,0.11535358428955078,159.0,0.09433962264150944,0.12493512405747964,1.249351240574798,159
472,0.11535358428955078,39.0,0.05128205128205128,0.27145217933164845,2.714521793316486,39
473,0.11535358428955078,94.0,0.0851063829787234,0.3188276238723825,3.188276238723825,94
474,0.11535358428955078,158.0,0.08227848101265822,0.12047089716141116,1.2047089716141108,158
475,0.11535358428955078,120.0,0.10833333333333334,0.1960926826593953,1.9609268265939535,120
476,0.11535358428955078,10.0,0.1,0.43126502664720584,4.3126502664720565,10
477,0.11535358428955078,121.0,0.1322314049586777,0.15720846756920734,1.5720846756920737,121
478,0.11535358428955078,206.0,0.09223300970873786,0.10287835693400547,1.0287835693400544,206
479,0.11535358428955078,122.0,0.09016393442622951,0.19904277242162943,1.9904277242162942,122
480,0.11535358428955078,136.0,0.10294117647058823,0.15135283431168786,1.5135283431168798,136
481,0.11535358428955078,172.0,0.1511627906976744,0.11256732394841634,1.1256732394841624,172
482,0.11587953567504883,74.0,0.13513513513513514,0.23540782238217517,2.354078223821751,74
483,0.11587953567504883,120.0,0.13333333333333333,0.19226020730851576,1.9226020730851592,120
484,0.11587953567504883,153.0,0.11764705882352941,0.12629093657256643,1.2629093657256627,153
485,0.11587953567504883,12.0,0.0,0.4602782785402854,4.6027827854028525,12
486,0.11587953567504883,12.0,0.16666666666666666,0.40219009461505273,4.021900946150527,12
487,0.11587953567504883,9.0,0.1111111111111111,0.4794187553058392,4.794187553058389,9
488,0.11587953567504883,151.0,0.1390728476821192,0.1564723027232048,1.5647230272320471,151
489,0.11587953567504883,10.0,0.1,0.5206356861634298,5.206356861634293,10
490,0.11587953567504883,11.0,0.09090909090909091,0.47243406399322846,4.72434063993229,11
491,0.11587953567504883,180.0,0.11666666666666667,0.10841222569573561,1.0841222569573528,180
492,0.11587953567504883,23.0,0.17391304347826086,0.42611303225491903,4.261130322549194,23
493,0.11587953567504883,42.0,0.19047619047619047,0.28728796395550776,2.8728796395550753,42
494,0.11587953567504883,147.0,0.07482993197278912,0.22062584422877585,2.206258442287759,147
495,0.11587953567504883,56.0,0.05357142857142857,0.25856472996149105,2.5856472996149087,56
496,0.11587953567504883,103.0,0.1650485436893204,0.253067815009222,2.530678150092221,103
497,0.11587953567504883,23.0,0.17391304347826086,0.2906211548041973,2.9062115480419726,23
498,0.11587953567504883,152.0,0.08552631578947369,0.10715509641487238,1.0715509641487224,152
499,0.11587953567504883,43.0,0.20930232558139536,0.28847339526623866,2.8847339526623825,43
